aura_type,spell_id,name,applications
BUFF,108370,Soul Leech,102147
DEBUFF,55078,Blood Plague,60469
BUFF,81262,Efflorescence,52491
BUFF,180612,Recently Used Death Strike,16086
DEBUFF,321538,Bloodshed,15718
DEBUFF,30213,Legion Strike,13488
BUFF,444741,Anti-Magic Shell,13092
DEBUFF,228645,Heart Strike,12951
BUFF,5672,Healing Stream,12713
BUFF,1278156,Lindormi's Guidance,12252
DEBUFF,471999,Rend Flesh,12062
BUFF,1306308,Ravenous,11694
DEBUFF,118905,Capacitor Totem,11211
DEBUFF,1216943,Void Pulsar,11003
BUFF,386195,Carnivorous Stalkers,10852
BUFF,461895,Unstable Power,10846
DEBUFF,1216858,Void Pulsar,10756
BUFF,61684,Dash,8144
BUFF,428453,Infernal Presence,7838
BUFF,1267765,Stormstream Totem,7244
DEBUFF,465136,Rift Essence,6872
DEBUFF,440313,Devouring Rift,6647
BUFF,108446,Soul Link,6509
DEBUFF,317792,Frostbolt,5668
DEBUFF,1297091,Withering Grasp,5220
BUFF,89751,Felstorm,4551
BUFF,192082,Wind Rush,4343
DEBUFF,317898,Blinding Sleet,4322
DEBUFF,267997,Bile Spit,4314
BUFF,1238173,Pollen Surge,4223
BUFF,1236943,Deep Breath,4110
BUFF,1269866,Void Tentacles,4076
DEBUFF,115804,Mortal Wounds,4038
BUFF,1269470,Rupture,4012
BUFF,1276788,Demonic Power,3873
BUFF,1265577,Transfusion,3732
BUFF,1270079,Grim Ward,3474
BUFF,1280457,Mind Sear,3466
DEBUFF,1280457,Mind Sear,3463
BUFF,1282944,Cluster Weakness,3324
DEBUFF,462661,Voidbinding,3231
BUFF,1219468,Enchanted Party Mask,3194
BUFF,428737,Harmony of the Grove,2923
DEBUFF,1253138,Sic 'Em,2869
BUFF,145629,Anti-Magic Zone,2749
DEBUFF,160065,Tendon Rip,2715
BUFF,433925,Essence of the Blood Queen,2702
DEBUFF,461910,Cosmic Ascension,2656
BUFF,1255966,Regeneratin',2646
DEBUFF,270495,Healing Tide,2473
BUFF,198533,Soothing Mist,2388
BUFF,19483,Immolation,2374
DEBUFF,1249645,Null Sunder,2350
BUFF,388841,Spellbound Weapon,2223
DEBUFF,1297086,Necrotic Bolt,2187
BUFF,325174,Spirit Link Totem,2154
BUFF,30151,Pursuit,2125
DEBUFF,59638,Frostbolt,2113
BUFF,1303366,Venom Burst,2030
BUFF,453773,Pact of the Apocalypse,2025
DEBUFF,460501,Heart Strike,1985
DEBUFF,1253054,Intimidating Shout,1783
BUFF,157348,Call Lightning,1755
DEBUFF,157375,Stormfury,1723
DEBUFF,1257746,Radiant Scar,1697
DEBUFF,1258508,Intimidation,1667
DEBUFF,3600,Earthbind,1628
BUFF,377589,Ghoulish Frenzy,1615
DEBUFF,1292107,Frostbolt,1605
BUFF,1252204,Leech Veil,1538
BUFF,1280386,Transfusion,1534
DEBUFF,1216571,Fel Missiles,1507
DEBUFF,394976,Mind Sear,1501
BUFF,1307098,Gorge,1465
BUFF,434242,Blood Clot,1458
BUFF,439209,Blood Clot,1458
DEBUFF,1247975,Lightscar Flare,1400
DEBUFF,1297701,Rotten Ground,1399
DEBUFF,1283719,Fire Breath,1391
BUFF,391031,Stormcloud Barrier,1386
DEBUFF,1252406,Dreadbellow,1358
DEBUFF,1264188,Unstable Singularity,1346
DEBUFF,193473,Mind Flay,1317
DEBUFF,1216944,Xal'atath's Gift,1315
BUFF,1241217,Shredding Claws,1310
BUFF,264667,Primal Rage,1293
BUFF,343737,Soothing Breath,1292
DEBUFF,1308518,Laced Edge,1262
DEBUFF,1306550,Blood Sacrifice,1248
BUFF,1293101,Shadow Bite,1245
DEBUFF,373692,Inferno,1224
DEBUFF,1262509,Chains of Subjugation,1213
BUFF,389032,Toxic,1203
BUFF,1307526,Bloodletting,1194
BUFF,1264623,Tranquility,1192
BUFF,1282745,Null Sunder,1177
DEBUFF,1238247,Shredding Claws,1173
BUFF,1253462,Waking Nightmare,1172
BUFF,1246821,Searing Magma,1162
DEBUFF,1255310,Radiant Scar,1151
BUFF,1214966,Fel Infused,1145
DEBUFF,1259255,Spirit Rend,1130
BUFF,260249,Bloodseeker,1123
DEBUFF,1255503,Brilliant Dispersion,1083
DEBUFF,1257088,Necrotic Wave,1079
BUFF,1221063,Xal'atath's Gift,1060
DEBUFF,1246446,Null Reaction,1053
DEBUFF,1238076,Thornblade,1025
BUFF,1264670,Devouring Frenzy,1021
BUFF,1257078,Corespark Surge,1012
DEBUFF,1238687,Feast of Misery,1006
DEBUFF,440328,Xal'atath's Gift,1003
BUFF,269935,Bound by Shadow,990
DEBUFF,1249806,Arcing Mana,989
DEBUFF,472777,Gunk Splatter,981
DEBUFF,91800,Gnaw,972
DEBUFF,118297,Immolate,965
BUFF,1263783,Holy Echo,959
DEBUFF,1267894,Savage Leap,949
DEBUFF,153757,Fan of Blades,925
DEBUFF,1254338,Ignition,921
DEBUFF,1258459,Rotting Strikes,921
DEBUFF,1253541,Scorching Ray,915
DEBUFF,468659,Throw Axe,906
BUFF,1255570,Spectral Slash,893
DEBUFF,1264299,Blight,883
BUFF,1241219,Matriarch's Vigil,878
DEBUFF,1254672,Fiery Talon,873
DEBUFF,1300704,Fixate,870
DEBUFF,1253543,Scorching Ray,867
BUFF,444490,Hydrobubble,856
BUFF,455489,Gloom Slash,844
DEBUFF,396716,Splinterbark,841
DEBUFF,1258434,Curse of Torment,837
BUFF,1282959,Gatekeeper,832
DEBUFF,1246957,Primal Echo,817
DEBUFF,1263775,Fixate,813
BUFF,1264036,Battle Rage,812
DEBUFF,1216133,Shear Armor,809
DEBUFF,377009,Deafening Screech,791
BUFF,1265402,Frostbite,783
DEBUFF,1259365,Bloodthorn Roots,768
DEBUFF,1254475,Blade Rush,767
DEBUFF,1216834,Acidic Demise,761
BUFF,1254671,Fiery Talon,751
DEBUFF,384823,Inferno,736
DEBUFF,1291399,Serrated Charge,729
DEBUFF,1303596,Siphon Energy,724
DEBUFF,474129,Splattering Spew,723
BUFF,1302296,Siphon the Weak,720
BUFF,1264106,Felstorm,711
DEBUFF,1236747,Verdant Stomp,708
BUFF,1254676,Wind Claws,698
DEBUFF,1219631,Fel-Infused Freight,694
BUFF,1214980,Health Funnel,693
DEBUFF,1282272,Splattered,691
DEBUFF,1264974,Veiled Presence,690
DEBUFF,1244907,Runic Glaive,685
DEBUFF,1293133,Lingering Storm,672
DEBUFF,381518,Winds of Change,670
DEBUFF,1258445,Frostbane Slash,669
DEBUFF,1237858,Ruptured Earth,667
BUFF,1252218,Leech Veil,662
DEBUFF,391977,Oversurge,661
DEBUFF,1263399,Oozing Slam,660
DEBUFF,1307571,Envenom,660
DEBUFF,1215897,Devouring Entropy,653
DEBUFF,1259116,Blight Splatter,652
DEBUFF,1241464,Glacial Tomb,646
DEBUFF,1281636,Creeping Void,642
DEBUFF,388940,Vicious Ambush,635
BUFF,377389,Raging Screech,632
BUFF,1297696,Healing Breeze,623
DEBUFF,1297055,Necrotic Bolt,619
BUFF,1222598,Murder in a Row,617
DEBUFF,154150,Light Ray,613
DEBUFF,1277557,Burning Radiance,601
DEBUFF,1288457,Gust,598
DEBUFF,386181,Mana Bomb,597
DEBUFF,1258437,Permeating Cold,593
DEBUFF,1262630,Arcane Spill,590
BUFF,1263775,Fixate,590
DEBUFF,1238084,Spore Spines,587
DEBUFF,24394,Intimidation,585
DEBUFF,1255187,Holy Fire,584
DEBUFF,389011,Overwhelming Power,578
DEBUFF,1305201,Excavating Blast,571
DEBUFF,474545,Murder in a Row,565
DEBUFF,269936,Fixate,564
DEBUFF,266923,Galvanized,563
BUFF,1269406,Singular Focus,562
DEBUFF,1216298,Soul Torment,558
BUFF,1306333,Ravenous Claws,555
BUFF,1254306,Power Word: Shield,553
DEBUFF,89766,Axe Toss,542
DEBUFF,1216963,Spore Dispersal,542
DEBUFF,1222103,Nether Dash,541
DEBUFF,1214089,Arcane Residue,539
BUFF,1257914,Undying Resolve,538
BUFF,1257716,Reanimation,537
BUFF,1277451,Arcane Zap,537
DEBUFF,1276586,Bedrock Surge,530
DEBUFF,397077,Chillstorm,529
DEBUFF,1262055,Eclipsed,521
DEBUFF,1246666,Infected Pinions,519
BUFF,467120,Ignited Embers,518
BUFF,1238158,Lightbloom Pollination,515
DEBUFF,1307372,Fiery Demise,515
BUFF,1222105,Nether Dash,512
BUFF,154159,Energize,500
DEBUFF,1225015,Suppression Zone,499
DEBUFF,1216042,Squall Leap,497
BUFF,1266241,Freight Explosion,491
DEBUFF,1218187,Fel Beam,490
DEBUFF,1303486,Caustic Stomp,486
DEBUFF,1250023,Protected,478
DEBUFF,1238439,Razor Dive,470
BUFF,355147,Fish Invigoration,467
DEBUFF,1259731,Cries of the Fallen,463
DEBUFF,1259205,Cryopatch,462
BUFF,90328,Spirit Walk,459
DEBUFF,1268733,Mind Flay,457
DEBUFF,1277597,Radiant Scar,456
BUFF,1239422,Blighted Arrow,454
BUFF,1253686,Spellguard's Protection,454
DEBUFF,1241058,Grievous Thrash,450
DEBUFF,385536,Flaming Barrage,445
BUFF,1257100,Circuit Sense,444
BUFF,1249737,Feast of Misery,442
DEBUFF,205644,Force of Nature,439
BUFF,270502,Hunting Leap,439
DEBUFF,388866,Mana Void,439
DEBUFF,1298899,Demoralizing Shout,439
DEBUFF,381862,Inferno Spit,437
DEBUFF,1238801,Insatiable Hunger,437
DEBUFF,1258435,Sunderstrike,436
DEBUFF,467068,Energy Infusion,435
BUFF,428866,Power of Nature,434
DEBUFF,1216300,Cutpurse,428
DEBUFF,1262441,Eruption,428
DEBUFF,1224104,Void Secretions,427
BUFF,1293059,Hatch,427
BUFF,1310319,Bolster,427
BUFF,433656,Black Blood,425
BUFF,1254670,Rushing Winds,424
BUFF,1216970,Back to Work!,422
BUFF,1255765,Blood Frenzy,420
DEBUFF,1251634,[DNT] Active Conduit,419
DEBUFF,1297876,Triple Shot,416
BUFF,394754,Brief Outing,415
BUFF,1285445,Arcane Explosion,415
DEBUFF,1295427,Flay,412
DEBUFF,373693,Living Bomb,410
BUFF,1216459,Ephemeral Bloodlust,408
DEBUFF,263840,Furious Bite,407
DEBUFF,1222484,Poison Pool,398
DEBUFF,272388,Shadow Barrage,395
DEBUFF,1230690,Cosmic Crush,395
BUFF,1229433,Fel Crazed,394
BUFF,449001,Power of Nature,393
BUFF,1300871,Corrupted Lifeforce,389
DEBUFF,1303267,Gilded Destruction,389
DEBUFF,1262519,Backstab,388
DEBUFF,474234,Burning Steps,387
BUFF,1310396,Serpent's Stormcall,387
DEBUFF,1249815,Transference,386
BUFF,1273356,Solar Barrier,386
DEBUFF,1300372,Cosmic Crash,386
DEBUFF,1276648,Bone Infusion,384
DEBUFF,1235574,Lightblossom Beam,372
DEBUFF,1253779,Spectral Decay,372
DEBUFF,1253446,Solar Flame,371
BUFF,1258217,Solar Fire,371
DEBUFF,1269283,Suppression Field,371
DEBUFF,273274,Polarized Field,370
DEBUFF,1253709,Neural Link,370
DEBUFF,1307700,Carrion Burst,367
DEBUFF,374350,Energy Bomb,366
DEBUFF,1259187,Cryoburst,366
DEBUFF,1263523,Overload,366
DEBUFF,1300503,Spiteful Hunt,361
DEBUFF,1284958,Cosmic Sting,357
DEBUFF,1251698,Fixate,356
DEBUFF,1294569,Paralyzing Shots,356
DEBUFF,1213658,Unsatisfied Customer,354
DEBUFF,1264246,Shade Shift,352
DEBUFF,1311136,Sharp Nail,352
DEBUFF,1300885,Ritual of the Fang,351
DEBUFF,372820,Scorched Earth,349
DEBUFF,1251775,Final Pursuit,347
DEBUFF,1259683,Rend Souls,347
BUFF,1214487,Awaiting Service,345
BUFF,1249661,Feral Rage,345
DEBUFF,270499,Frost Shock,341
DEBUFF,1224299,Astral Grasp,341
DEBUFF,1215161,Void Destruction,340
DEBUFF,1305234,Cold Claws,340
DEBUFF,1308113,Arrow Barrage,340
DEBUFF,388984,Vicious Ambush,339
DEBUFF,1308148,Cytotoxin,339
BUFF,1246865,Bestial Wrath,338
DEBUFF,1251797,Final Pursuit,337
BUFF,1314884,Hunting Leap,337
BUFF,1253707,Neural Link,336
BUFF,1249321,Marching Cosmetic,334
DEBUFF,1265426,Discordant Beam,330
DEBUFF,1309980,Cursed,328
BUFF,270496,Healing Tide,326
BUFF,1223936,Synaptic Nexus,324
DEBUFF,1261799,Saronite Sludge,324
BUFF,1255462,Call of the Void,323
DEBUFF,1242869,Echoing Maul,322
DEBUFF,1215985,Fel Beam,320
DEBUFF,1254689,Bloodcrazed,320
DEBUFF,1252675,Crush Souls,318
DEBUFF,1250937,Toxic Spew,316
DEBUFF,1300894,Ritual Venom,316
BUFF,1298902,Proof of Mastery,315
BUFF,90361,Spirit Mend,313
BUFF,1221061,Xal'atath's Gift,313
DEBUFF,1271433,Lightscar Flare,312
DEBUFF,474351,Shreddation Sawblade,311
BUFF,1300618,Assimilation,310
BUFF,1258448,Necromantic Infusion,308
DEBUFF,1251568,Drain Soul,306
BUFF,1310324,Mending Void,306
DEBUFF,1257745,Searing Rend,305
DEBUFF,1234846,Toxic Spores,304
DEBUFF,1263971,Mind-Numbing Poison,303
DEBUFF,1264186,Shadowbind,303
DEBUFF,1307205,Earthbound's Imprint,303
DEBUFF,468924,Bladestorm,301
BUFF,390938,Agitation,300
DEBUFF,1214650,Fel Lightning,299
BUFF,1271385,Spouting Floret,299
DEBUFF,376085,Champion's Spear Chain,297
DEBUFF,1239825,Lightfire,297
DEBUFF,1252777,Soulbind,295
BUFF,388958,Riftbreath,294
DEBUFF,1252875,Eclipsing Step,294
BUFF,1292892,Control Venom,294
DEBUFF,1225792,Runic Mark,293
DEBUFF,1297422,Deadly Venom,293
DEBUFF,1243905,Unstable Energy,291
BUFF,1271678,Shade Bomb,288
DEBUFF,1249712,Venomous Spit,284
DEBUFF,1249020,Eclipsing Step,283
DEBUFF,473789,Fetid Bile,282
BUFF,1254826,Bloodsurge,281
DEBUFF,1302010,Blade Dance,281
DEBUFF,1281657,Blistering Smite,279
DEBUFF,373688,Frost Overload,278
BUFF,1254815,Well Fed,278
BUFF,1270491,Unholy Devotion,278
BUFF,1254678,Wrathful Wind,277
DEBUFF,1306232,Septic Spatter,275
DEBUFF,466559,Flaming Updraft,274
DEBUFF,1237038,Voidstalker Sting,274
DEBUFF,1247052,Lightbloom's Might,274
DEBUFF,1276485,Sparkburn,274
DEBUFF,1264257,Umbral Waves,273
DEBUFF,386201,Corrupted Mana,272
DEBUFF,1294870,Fel-Scarred Earth,272
DEBUFF,1222692,Toxic Aura,271
DEBUFF,1284633,Stygian Ichor,270
BUFF,1306517,Blood Sacrifice,269
DEBUFF,1219491,Debilitating Shriek,267
DEBUFF,1250686,Twisting Obscurity,266
DEBUFF,1306736,Spit Gold,266
BUFF,1309970,Health Funnel,266
DEBUFF,1262772,Rime Blast,265
BUFF,1263636,Belch Spores,265
DEBUFF,1301508,Boneslicer,265
BUFF,1216589,Heartstop Poison,264
BUFF,1239424,Blighted Arrow,264
BUFF,1267274,Void Portal,264
BUFF,1254690,Bloodcrazed,263
DEBUFF,1299189,Synchronized Venom,263
BUFF,1216284,Stealth,262
DEBUFF,1235125,Hearty Bellow,262
DEBUFF,1254380,Shear,262
BUFF,1257546,Vigilant Defense,262
DEBUFF,459753,Ravenous Leap,260
DEBUFF,245742,Shadow Pounce,259
DEBUFF,1251772,Reflux Charge,259
DEBUFF,265773,Spit Gold,258
DEBUFF,1254043,Eternal Suffering,257
DEBUFF,1258826,Torrent of Misery,257
DEBUFF,1233535,Shred Defense,256
DEBUFF,266512,Consume Charge,255
DEBUFF,1260709,Vilebranch Sting,255
DEBUFF,1263716,Frostbite,255
DEBUFF,1287450,Condensed Mass,255
BUFF,1277340,Shadowmend,254
DEBUFF,1280330,Rift Essence,254
DEBUFF,1238294,Disorienting Screech,253
BUFF,1254010,Eternal Suffering,253
BUFF,1214260,Elated!,251
DEBUFF,1263983,Condensed Mass,250
DEBUFF,1246653,Caustic Phlegm,248
DEBUFF,1261286,Throw Saronite,248
BUFF,1282716,Tainted Corpse,248
DEBUFF,472118,Ignited Embers,245
BUFF,1269409,Tenacity of the Shul'ka,245
BUFF,1271543,Stoneskin,245
DEBUFF,1264042,Arcane Spill,244
DEBUFF,472054,Reckless Leap,242
DEBUFF,473649,Shattered Phial,241
DEBUFF,1258997,Plungegrip,238
DEBUFF,1311695,Shred Armor,237
DEBUFF,1257836,Reflux Charge,236
DEBUFF,1301851,Bloodthirsty Axe,236
BUFF,1265996,Void Barrier,234
DEBUFF,8122,Psychic Scream,233
DEBUFF,1255629,Spectral Residue,233
DEBUFF,1252733,Gale Surge,232
DEBUFF,1257094,Pulverized,232
BUFF,24450,Prowl,231
DEBUFF,1282244,Vile Bite,231
BUFF,1294180,Lesser Ghoul,231
DEBUFF,1308865,Infest,230
BUFF,1310739,Accumulate Charge,229
DEBUFF,1216074,Spill Zone,228
DEBUFF,1238368,Lightmaw Beams,228
BUFF,427359,Defend,226
DEBUFF,1242135,Grievous Gash,226
DEBUFF,1250043,Melt Armor,224
DEBUFF,1282053,Arcane Residue,224
BUFF,1296518,Rumbling Ward,223
DEBUFF,154043,Blazing Ground,222
DEBUFF,377344,Peck,221
DEBUFF,1239860,Cryo Surge,219
BUFF,373972,Blaze of Glory,218
DEBUFF,1235828,Light-Scorched Earth,218
BUFF,1269410,Might of the Sunwell Offensive,218
DEBUFF,1216848,Fire Spit,217
DEBUFF,1310599,Electrical Discharge,217
BUFF,431985,Black Blood,216
BUFF,1264905,Spirit of the Thicket,216
DEBUFF,1295455,Infernal Crush,216
DEBUFF,1300684,Hex Muck,216
BUFF,1309499,Reinforced,216
DEBUFF,1283247,Reckless Leap,215
BUFF,181089,Encounter Event,214
BUFF,1241226,Bloodrush,212
DEBUFF,1289258,Corrosive Essence,212
BUFF,1309385,Pool of Darkness,212
BUFF,1257781,Shredding Talons,210
DEBUFF,376997,Savage Peck,209
DEBUFF,1253979,Gust Shot,209
DEBUFF,1265650,Anguish,208
BUFF,1249801,Arcing Mana,206
DEBUFF,1294557,Piercing Hiss,205
DEBUFF,460781,Big Bada BOOM!,204
BUFF,1265589,Grim Chorus,203
DEBUFF,1253978,Gust Shot,199
DEBUFF,1291815,Induction Field,198
DEBUFF,444826,Chains of Ice,197
BUFF,372749,Ice Shield,196
BUFF,383014,Poison Cleansing,196
DEBUFF,1216076,Nauseous,196
DEBUFF,470966,Bladestorm,194
DEBUFF,274387,Absorbed in Darkness,193
BUFF,381525,Roaring Firebreath,193
BUFF,471038,Bladestorm,193
DEBUFF,471038,Bladestorm,193
DEBUFF,1262506,Leeching Void,193
DEBUFF,246026,Void Bomb,192
DEBUFF,341118,Trample,192
DEBUFF,389007,Wild Energy,192
DEBUFF,1216825,Poison Spray,192
DEBUFF,1235549,Glacial Torment,191
DEBUFF,1263542,Mass Void Infusion,189
BUFF,1254336,Ignition,188
DEBUFF,1252828,Void Gash,187
DEBUFF,1262930,Rotting Strikes,186
DEBUFF,1234681,Ravenous Bellow,185
DEBUFF,1251345,Blight Resin,185
DEBUFF,1253844,Withering Soul,185
BUFF,1258798,Dread Pulse,183
BUFF,1263970,Heaven's Lance,183
DEBUFF,1284627,Umbral Splinters,183
DEBUFF,1306366,Lightning Torrent,183
DEBUFF,1252062,Entropic Leech,182
DEBUFF,1262517,Relentless Pursuit,182
DEBUFF,1240989,Void Crush,180
DEBUFF,1299080,Death Rattle,180
BUFF,1306668,Toxic Breath,180
DEBUFF,1228198,Corroding Spittle,175
DEBUFF,1252417,Nullwark Blast,175
DEBUFF,1264453,Lumbering Fixation,175
DEBUFF,1269631,Entropy Orb,175
DEBUFF,1213803,Nailed,174
BUFF,1216449,Arrow Rain,174
DEBUFF,1255335,Searing Rend,174
DEBUFF,1262411,Ritual Firebrand,174
BUFF,1254566,Dire Screech,172
DEBUFF,1261921,Cryoshards,172
DEBUFF,1282955,Storming Soulfont,172
DEBUFF,1217004,Ferocious Pounce,170
DEBUFF,1300243,Brutalize,168
DEBUFF,1305225,Tectonic Strike,168
DEBUFF,265914,Molten Gold,167
DEBUFF,388544,Barkbreaker,167
DEBUFF,1216462,Precise Cut,167
BUFF,263958,A Knot of Snakes,166
DEBUFF,1214352,Fire Bomb,166
DEBUFF,1253520,Burning Claws,166
BUFF,163177,Black Ox Statue,165
DEBUFF,1293048,Serpentstorm,165
DEBUFF,1243752,Icy Slick,164
BUFF,1302897,Consume Lifeforce,164
DEBUFF,1264687,Devouring Strike,163
BUFF,474766,Same-Day Delivery,162
DEBUFF,1251023,Spiritbreaker,160
BUFF,1253367,Solar Flare,160
DEBUFF,1257105,Erratic Zap,160
DEBUFF,1295035,Glaive Toss,160
DEBUFF,1309964,Harsh Winter,160
DEBUFF,473784,Fetid Spew,159
BUFF,1214922,Fel Rage,159
DEBUFF,1253511,Burning Pursuit,159
DEBUFF,1257898,Ancestral Crush,159
DEBUFF,389033,Lasher Toxin,157
DEBUFF,1214038,Ethereal Shackles,157
DEBUFF,1262508,Void Infusion,157
BUFF,1265561,Arcane Blade,157
DEBUFF,1297682,Drain Life,157
BUFF,1252076,Dark Beckoning,156
DEBUFF,1263292,Shrink,156
BUFF,1297676,Punishing Might,156
DEBUFF,1252429,Nullwark Blast,155
DEBUFF,1254175,Cries of the Fallen,155
DEBUFF,116947,Earthbind,154
BUFF,1254092,Attuned to the Nether,154
BUFF,246943,Dark Bond,153
DEBUFF,465830,Warp Blood,153
DEBUFF,1234802,Fertile Loam,152
DEBUFF,1253834,Curse of Darkness,152
BUFF,428735,Harmony of the Grove,151
DEBUFF,1297781,Sudden Rupture,151
BUFF,372743,Ice Shield,150
DEBUFF,1257126,Corespark Overload,150
BUFF,1306893,Unstable Totem,149
BUFF,388796,Germinate,148
BUFF,1248015,Astral Scouting,148
DEBUFF,64695,Earthgrab,147
BUFF,1238053,Mother's Wrath,147
BUFF,1216637,Gore Whirl,145
DEBUFF,1300227,Burrowquake,145
DEBUFF,1298304,Dark Revelation,144
BUFF,1216250,Arcane Salvo,143
BUFF,1226120,Poison Splash,143
DEBUFF,1249595,Radiant Barrier,140
BUFF,1265977,Consuming Shadows,140
BUFF,154149,Energize,139
BUFF,1217930,Imprison,139
DEBUFF,1245592,Torturous Extract,137
BUFF,1259132,Plague Frenzy,137
DEBUFF,1309919,Frigid Roar,137
BUFF,269928,Vigilant Defense,136
DEBUFF,1245175,Voidbolt,136
DEBUFF,1294845,Corrosive Fangs,136
DEBUFF,1296052,Imbued Conduction,136
BUFF,381517,Winds of Change,134
DEBUFF,1222642,Hulking Claw,133
DEBUFF,1231811,Uncontrolled,132
BUFF,1259677,Rend Souls,132
DEBUFF,1224401,Cosmic Radiation,131
DEBUFF,1251833,Soulrot,131
DEBUFF,1253965,Lightscarred,131
DEBUFF,1282055,Ethereal Shackles,131
DEBUFF,1218508,Disguised,130
BUFF,1309794,Blessing of Protection,130
DEBUFF,1247367,Earthquake,129
DEBUFF,1248138,Void Bomb,129
DEBUFF,1257877,Scathing Review,128
DEBUFF,1262596,Scourgelord's Brand,128
DEBUFF,266191,Whirling Axe,127
DEBUFF,1253739,Shred Flesh,126
DEBUFF,1282050,Arcane Beam,126
BUFF,1294849,Rattle,126
DEBUFF,1306669,Toxic Breath,126
DEBUFF,1248229,Void Infusion,125
BUFF,1294824,Defiled Slam,125
DEBUFF,466091,Searing Beak,124
BUFF,397264,Teleport Pad,123
DEBUFF,1246753,Lightsap,123
BUFF,1261299,Throw Saronite,123
BUFF,269976,Ancestral Fury,122
DEBUFF,1217973,Curse of Doom,122
DEBUFF,1256561,Crunch Armor,122
BUFF,1264499,Rift Tear,122
DEBUFF,1243741,Freezing Trap,121
DEBUFF,472338,Surveyed Ground,120
BUFF,1250805,Summoning Ritual,120
BUFF,1264505,Enveloping Darkness,120
DEBUFF,1300138,Void Beam,120
DEBUFF,372047,Steel Barrage,119
DEBUFF,384773,Flaming Embers,119
DEBUFF,1300877,Corruption,119
BUFF,1307602,Evolved,119
BUFF,1311987,Serpentine Gust,119
BUFF,1222721,Noxious Breath,118
DEBUFF,372865,Ritual of Blazebinding,117
DEBUFF,473898,Legion Strike,117
BUFF,1257155,Rain of Toads,117
DEBUFF,244588,Void Sludge,116
DEBUFF,1221130,Consuming Strikes,116
DEBUFF,1261540,Orebreaker,116
BUFF,1264196,Disintegrate,116
BUFF,355057,Cry of Mrrggllrrgg,115
DEBUFF,372963,Storm's Eye,115
DEBUFF,1241694,Locust Swarm,115
DEBUFF,1215803,Curse of Darkness,114
DEBUFF,1234570,Stellar Emission,114
DEBUFF,1244672,Nullzone,113
DEBUFF,1291468,Sunder Slam,113
DEBUFF,1308546,Venomous Slash,113
DEBUFF,1311979,Latent Hex,113
DEBUFF,272021,Erupting Darkness,112
DEBUFF,470038,Razorchoke Vines,112
DEBUFF,1252130,Unmake,112
DEBUFF,267618,Drain Fluids,111
DEBUFF,385518,Chillstorm,111
DEBUFF,381515,Stormslam,110
DEBUFF,1251813,Lingering Dread,109
BUFF,1306844,Totemic Ritual,109
DEBUFF,267494,Barrel Through,108
DEBUFF,472819,Razorchoke Vines,108
BUFF,1253028,Thicket's Trinity,108
DEBUFF,1263597,Rime Detonation,107
DEBUFF,153954,Cast Down,106
DEBUFF,267763,Wretched Discharge,106
DEBUFF,438599,Bleeding Jab,106
DEBUFF,1250953,Rift Sickness,106
BUFF,1252436,Void Lash,106
DEBUFF,1261276,Thornblade,106
DEBUFF,1289589,Lingering Storm,106
DEBUFF,376760,Gale Force,105
DEBUFF,473795,Poison Blades,105
DEBUFF,1216529,Shield Bash,105
DEBUFF,1216590,Heartstop Poison,105
BUFF,1216860,Bolstering Flames,105
BUFF,1248229,Void Infusion,105
DEBUFF,1266488,Open Wound,105
DEBUFF,468680,Crabsplosion,104
DEBUFF,1251554,Drain Soul,103
BUFF,1261776,Defensive Stance,103
DEBUFF,388392,Monotonous Lecture,102
BUFF,465127,Wind Up,102
BUFF,391723,Flame Breath,101
DEBUFF,267626,Desiccation,100
DEBUFF,372858,Searing Blows,100
BUFF,473794,Poison Blades,100
BUFF,1261011,Fan Of Thorns,100
BUFF,1263440,Void Slash,100
DEBUFF,1266381,Hooked Snare,100
DEBUFF,91797,Monstrous Blow,99
BUFF,1219551,Broken Bond,99
BUFF,1230289,Illicit Infusion,98
DEBUFF,1235542,Lightsower Dash,98
DEBUFF,1236289,Blizzard's Wrath,98
BUFF,1296671,Captain's Bulwark,98
DEBUFF,271555,Entomb,97
BUFF,271561,Wail of Mourning,97
BUFF,473663,Pulsing Shriek,97
BUFF,473672,Pulsing Shriek,97
DEBUFF,1217633,Corroding Spittle,97
BUFF,1298900,Brutal Slams,97
BUFF,1298901,Brutal Slams,97
BUFF,195181,Bone Shield,96
BUFF,1215872,Fel Beam,96
BUFF,1215961,Fel Beam,96
DEBUFF,1271623,Frost Nova,96
DEBUFF,372860,Searing Wounds,95
DEBUFF,1235865,Thornblade,95
BUFF,1262029,Glacial Overload,95
DEBUFF,1297792,Overwhelming Onslaught,95
DEBUFF,467620,Rampage,94
BUFF,1236550,Fel Detection,94
BUFF,1259772,Umbral Vortex,94
DEBUFF,1290030,A Knot of Snakes,94
DEBUFF,91807,Shambling Rush,93
BUFF,472556,Arrow Rain,93
BUFF,273272,Polarized Field,92
BUFF,1251204,Wrest Phantoms,92
DEBUFF,276031,Pit of Despair,91
BUFF,1253811,Fel Spray,91
DEBUFF,1302618,Vile Charge,91
BUFF,474478,Killing Spree,90
DEBUFF,1249478,Carrion Swoop,90
BUFF,1297763,Bestial Berserk,90
DEBUFF,1297796,Stunned,90
DEBUFF,1253531,Lens Flare,88
DEBUFF,270292,Purifying Flame,87
DEBUFF,1233398,Mad Shriek,87
DEBUFF,1260643,Barrage,87
DEBUFF,270931,Shadow Volley,86
DEBUFF,1249481,Carrion Swoop,86
DEBUFF,1299913,Null Eruption,86
DEBUFF,350804,Collapsing Energy,84
BUFF,389512,Bronze Dragonflight Pledge Pin,84
BUFF,1249714,Umbral Barrier,84
DEBUFF,1287544,Stunned,84
DEBUFF,1289109,Thunder Spit,84
DEBUFF,263958,A Knot of Snakes,83
DEBUFF,395292,Fire Maw,83
DEBUFF,1235829,Winter's Shroud,83
DEBUFF,50285,Dust Cloud,82
BUFF,1228351,Unfathomable Strikes,82
DEBUFF,1289588,Thunder Spit,82
BUFF,1303372,Searing Gold,82
BUFF,1306852,Toxic Surge,82
DEBUFF,1228127,Macestorm,80
DEBUFF,1240280,Pulverize,80
DEBUFF,1302028,Soul Crush,80
DEBUFF,1302826,Corruption Burst,80
DEBUFF,1310309,Macestorm,80
DEBUFF,378011,Deadly Winds,79
DEBUFF,438618,Venomous Spit,79
DEBUFF,472888,Bone Hack,79
DEBUFF,1234833,Ravenous Swarm,79
DEBUFF,1235405,Bonespiked,79
DEBUFF,1247117,Shadow Jump,79
BUFF,1248689,Hastening Ward,79
DEBUFF,1252622,Flailstorm,79
BUFF,1234233,Spoiled Supplies,78
DEBUFF,1254687,Mark of Death,78
DEBUFF,1271511,Core Exposure,78
BUFF,1300876,Ritual of the Fang,78
DEBUFF,267874,Burning Ground,77
BUFF,1252054,Unmake,77
BUFF,1264095,Mirror Images,77
BUFF,1299135,Burrowing Charge,77
BUFF,268586,Blade Combo,76
BUFF,1217795,Burning Gale,76
BUFF,1234890,Smashing Charge,76
BUFF,1252622,Flailstorm,76
BUFF,1254096,Forfeit Essence,76
BUFF,1294770,Demonic Frenzy,76
BUFF,1301111,Axegrinder,76
DEBUFF,448492,Thunderclap,75
BUFF,471736,Jettison Kelp,75
DEBUFF,473224,Sonic Boom,75
DEBUFF,1264693,Terror Wave,75
DEBUFF,1298104,Putrid Seekers,75
BUFF,1218347,Murder in a Row,74
DEBUFF,1227247,Void Cascade,74
BUFF,1236709,Thorncaller Roar,74
BUFF,1259359,Devour the Unworthy,74
DEBUFF,1264671,Starfall,74
DEBUFF,472793,Heaving Yank,73
DEBUFF,1255763,Midnight Manifestation,73
BUFF,1255881,Netherwalk,73
DEBUFF,470212,Flaming Twisters,72
DEBUFF,1251626,Leyline Array,72
DEBUFF,1252816,Chill of Death,72
BUFF,1310321,Concussion,72
DEBUFF,350013,Gluttonous Feast,71
BUFF,389516,Black Dragonflight Pledge Pin,71
DEBUFF,429099,Overwhelmed,71
BUFF,468616,Leaping Spark,71
DEBUFF,468616,Leaping Spark,71
BUFF,474345,Refueling Protocol,70
DEBUFF,1214730,Demonic Gateway,70
DEBUFF,1214740,Demonic Gateway,70
BUFF,1217415,Felshield,70
BUFF,1257512,Corespark Detonation,70
DEBUFF,1262284,Overflowing Voidspire,70
DEBUFF,152953,Blinding Light,69
DEBUFF,1250812,Aura of Peace,69
DEBUFF,1259631,Staggering Blow,69
BUFF,270016,Released Inihibitors,68
BUFF,1240210,Pulverizing Strikes,68
DEBUFF,1246502,Avenger's Shield,68
DEBUFF,1268840,Seeping Void,68
DEBUFF,1303446,Tainted Strike,68
BUFF,1242960,Gang Up,67
DEBUFF,1255577,Spectral Slash,67
BUFF,1267029,Call The Grove,67
DEBUFF,1281727,Eradication,67
BUFF,1298221,Ssscavenging,67
BUFF,1298223,Ssscavenging,67
BUFF,1305982,Shadow Volley,67
BUFF,246913,Void Phased,66
DEBUFF,462737,Black Blood Wound,66
BUFF,1263756,Death's Grasp,66
BUFF,1301199,Defiling Taint,66
DEBUFF,1297749,Frozen Tempest,65
DEBUFF,1297918,Mortal Bleed,65
BUFF,159382,Searing Quills,64
DEBUFF,263423,Lock Jaw,64
DEBUFF,392641,Rolling Thunder,64
BUFF,1300907,Consumed Lifeforce,64
DEBUFF,1310378,Scent of Blood,64
DEBUFF,263852,Talon Rend,63
DEBUFF,269972,Hex Volley,63
BUFF,397354,Life Infusion,63
DEBUFF,474515,Heartstop Poison,63
DEBUFF,1250828,Void Exposure,63
BUFF,1257268,Forfeit Essence,63
BUFF,1303324,Quaking Leap,63
BUFF,1310355,Tempest Stormshield,63
DEBUFF,1239414,Tear Asunder,62
DEBUFF,1245068,Consuming Void,62
DEBUFF,1247976,Lightscar Flare,62
BUFF,1248452,Aura of Peace,62
BUFF,1250851,Shield Wall,62
BUFF,1262526,Abyssal Enhancement,62
DEBUFF,1281785,Domineering Energy,62
BUFF,1296738,Hatch,62
DEBUFF,1303039,Hunting Leap,62
DEBUFF,1306763,Serpent Strike,62
DEBUFF,474388,Flamethrower,61
DEBUFF,1214637,Axe Toss,61
BUFF,1214641,Axe Toss,61
BUFF,1217989,Felshield,61
DEBUFF,1237091,Bloodthirsty Gaze,61
DEBUFF,1237092,Bloodthirsty Gaze,61
BUFF,1297686,Dark Pact,61
DEBUFF,1310974,Toxic Atrophy,61
BUFF,269232,Hunting Leap,60
BUFF,397356,Nature Infusion,60
BUFF,452469,Mending the Cracks,60
DEBUFF,468966,Polymorph,60
DEBUFF,473287,Excessive Electrification,60
DEBUFF,1256059,Rending Gore,60
DEBUFF,1263532,Void Storm,59
DEBUFF,1216985,Puncturing Bite,58
BUFF,1217464,Illicit Infusion,58
DEBUFF,1224865,Fatebound,58
BUFF,1231608,Alacrity,58
DEBUFF,1311778,Rip and Slice,58
DEBUFF,1225638,Loose Sparks,57
BUFF,1250021,Shell Guard,57
BUFF,1256387,Carrion Swoop,57
DEBUFF,1271956,Mirrored Rend,57
BUFF,1302007,Blade Dance,57
BUFF,5543,Fade Out,56
BUFF,372988,Ice Bulwark,56
BUFF,373680,Frost Overload,56
DEBUFF,468811,Gigazap,56
DEBUFF,1218465,Server,56
BUFF,1252877,Solar Infusion,56
BUFF,1259226,Focused Guard,56
DEBUFF,1259786,Ritual Sacrifice,56
BUFF,355640,Phalanx Field,55
DEBUFF,390918,Seed Detonation,55
BUFF,429091,Inner Fire,55
DEBUFF,474740,Murder in a Row,55
DEBUFF,1216954,Eye Beam,55
BUFF,1222693,Toxic Aura,55
DEBUFF,1248159,Hinder Quarry,55
BUFF,1256299,Over-infused,55
DEBUFF,1259789,Ritual Sacrifice,55
DEBUFF,1280355,Rakfang,55
DEBUFF,118345,Pulverize,54
BUFF,390297,Dormant,54
BUFF,452472,Earthen Might,54
DEBUFF,472662,Tempest Slash,54
BUFF,472736,Debilitating Shriek,54
DEBUFF,1241163,Void Feather,54
DEBUFF,1259794,Ritual Sacrifice,54
DEBUFF,1260030,Umbral Beams,54
BUFF,389521,Blue Dragonflight Pledge Pin,53
DEBUFF,468815,Gigazap,53
DEBUFF,135029,Water Jet,52
BUFF,355139,Invigorate,52
DEBUFF,468442,Billowing Wind,52
DEBUFF,1225135,Feedback,52
BUFF,1293420,Evolution Ritual,52
BUFF,1310320,Exhausted,52
DEBUFF,469799,Overcharge,51
DEBUFF,1253694,Concentrated Lightbeam,51
DEBUFF,1262253,Demoralizing Scream,51
DEBUFF,1264354,Luciferin Flare,51
DEBUFF,1245698,Alnsight,50
DEBUFF,1246487,Avenger's Shield,50
DEBUFF,1254373,Fearful Roar,50
DEBUFF,1260981,March of the Endless,50
DEBUFF,1282911,Bolt Gale,50
BUFF,1297326,Eternal Bond,50
BUFF,271562,Wail of Mourning,49
BUFF,474197,Demonic Rage,49
BUFF,474231,Burning Steps,49
DEBUFF,474528,Bolt Gale,49
BUFF,1279668,Shadow Lancer,49
DEBUFF,1310026,Atomized,49
DEBUFF,288962,Blood Bolt,48
DEBUFF,346961,Purging Field,48
DEBUFF,462771,Surveying Beam,48
DEBUFF,470022,Barreling Charge,48
DEBUFF,473836,Electrocrush,48
BUFF,1217383,Engorge,48
BUFF,1230304,Light Infusion,48
DEBUFF,1230304,Light Infusion,48
BUFF,1263529,Collapsing Void,48
DEBUFF,1265412,Destabilized,48
DEBUFF,1303490,Savage Maul,48
BUFF,474238,Illicit Infusion,47
DEBUFF,474238,Illicit Infusion,47
DEBUFF,1246751,Concentrated Lightbeam,47
DEBUFF,1258514,Blinding Light,47
BUFF,1265419,Notes of Despair,47
BUFF,1265997,Dirge of Despair,47
BUFF,1267207,Abyssal Lance,47
BUFF,1276948,Ice Barrage,47
BUFF,1282665,Void Lash,47
BUFF,1289229,Storm Blessed,47
BUFF,1310357,Toxic Barrage,47
DEBUFF,434830,Vile Webbing,46
BUFF,1253083,Create Bonfire,46
DEBUFF,1225205,Wave of Silence,45
BUFF,1234855,Insidious Aura,45
DEBUFF,1237728,Arcane Prison,45
DEBUFF,1253098,Domineering Presence,45
DEBUFF,1283335,Rampage,45
DEBUFF,1294958,Noxious Spray,45
BUFF,1308738,Overload,45
DEBUFF,1308838,Lightning Bite,45
DEBUFF,1247746,Thornspike,44
DEBUFF,1251569,Leaping Swipe,44
DEBUFF,35346,Warp Time,43
BUFF,465754,Flamethrower,43
BUFF,1235656,Frozen Tempest,43
BUFF,1258537,Summon Wyrms,43
DEBUFF,1288885,Tempest Winds,43
DEBUFF,1241844,Smashed,42
BUFF,1256276,Deep Corruption,42
DEBUFF,376781,Firestorm,41
BUFF,427596,Seal of Light's Fury,41
DEBUFF,473051,Rushing Tide,41
DEBUFF,1221483,Arcing Energy,41
BUFF,1226469,Malefic Empowerment,41
DEBUFF,1241162,Light Feather,41
DEBUFF,1242553,Void Remnants,41
DEBUFF,1270762,Shhhh!,41
BUFF,1285508,Blistering Fire,41
DEBUFF,244599,Dark Expulsion,40
DEBUFF,385313,Lightning Rod,40
DEBUFF,427473,Flamestrike,40
DEBUFF,1228151,Exposed Void,40
BUFF,1240214,Double Time,40
BUFF,1243002,Fury of the War God,40
DEBUFF,1243018,Concussive Shock,40
DEBUFF,1243273,Fury of the War God,40
BUFF,1253909,Soul Expulsion,40
DEBUFF,1283770,Defensive Protocol,40
DEBUFF,266231,Severing Axe,39
DEBUFF,267702,Entomb,39
BUFF,387453,Recall History,39
DEBUFF,432031,Grasping Blood,39
DEBUFF,1248652,Divine Toll,39
DEBUFF,1257123,Daze,39
BUFF,1261806,Siphoning Chill,39
DEBUFF,1269682,Aerial Assault,39
DEBUFF,1302945,Impaling Spear,39
BUFF,159118,Acidback,38
BUFF,270889,Overload,38
BUFF,388598,Ride Along,38
BUFF,1252976,Wildfire Imbuement,38
BUFF,1254246,Drain Shield,38
DEBUFF,266238,Shattered Defenses,37
DEBUFF,1239919,Lightfire Beams,37
DEBUFF,1254113,Fixate,37
DEBUFF,1261558,Lightscar Flare,37
DEBUFF,1310018,Ancient Guardian's Aid,37
BUFF,169650,Mounted,36
DEBUFF,248831,Dread Screech,36
DEBUFF,1219266,Freezing Trap,36
DEBUFF,1238708,Dark Rush,36
BUFF,1271986,Ren'dorei Projection,36
BUFF,1299053,Death Rattle,36
DEBUFF,1311981,Latent Hex,36
DEBUFF,263841,Petrifying Gaze,35
BUFF,427490,Ride Along,35
DEBUFF,1265540,Blackening Wounds,35
BUFF,1298903,Proof of Endurance,35
BUFF,463061,Bloodthirsty Cackle,34
DEBUFF,1241785,Tainted Blood,34
BUFF,355888,Hard Light Baton,33
DEBUFF,461487,Cultivated Poisons,33
DEBUFF,1243078,Burden of War,33
DEBUFF,1248697,Despotic Command,33
BUFF,1264987,Withering Miasma,33
DEBUFF,1266706,Haunting Remains,33
BUFF,1299270,Thundering Storm,33
BUFF,346296,Instability,32
BUFF,439333,Hunger,32
DEBUFF,468672,Pinch,32
BUFF,471733,Restorative Algae,32
BUFF,1259882,Ritual Drums,32
DEBUFF,1264467,Tail Lash,32
BUFF,1303105,Aerial Smash,32
BUFF,411060,New Niffen No-Sniffin' Tonic,31
BUFF,422785,Ride Along,31
DEBUFF,473713,Kinetic Explosive Gel,31
DEBUFF,1248211,Phase Slash,31
DEBUFF,1249621,Violent Sand,31
BUFF,1265999,Siphon Void,31
DEBUFF,1272527,Creep Spit,31
DEBUFF,1275687,Glacial Overload,31
DEBUFF,1296069,Regurgitate,31
DEBUFF,267027,Poison Spit,30
BUFF,270927,Bladestorm,30
DEBUFF,270927,Bladestorm,30
BUFF,391726,Storm Breath,30
DEBUFF,424430,Consecration,30
DEBUFF,433740,Infestation,30
DEBUFF,468631,Harpoon,30
DEBUFF,468723,Shock Water,30
DEBUFF,1248709,Oppressive Darkness,30
DEBUFF,1265938,Void Blast,30
BUFF,1287627,Searing Fel Flame,30
DEBUFF,1310361,Tempest Stormshield,30
DEBUFF,264206,Burrow,29
DEBUFF,384024,Hailbombs,29
DEBUFF,1201554,Seduction,29
BUFF,1231262,Felfire Core,29
BUFF,1254622,Watchful Gaze,29
DEBUFF,269369,Deathly Roar,28
DEBUFF,356548,Radiant Pulse,28
BUFF,384933,Ice Shield,28
BUFF,392569,Molten Blood,28
BUFF,468811,Gigazap,28
BUFF,468813,Gigazap,28
DEBUFF,1218466,Cleaner,28
DEBUFF,1218467,Entertainer,28
DEBUFF,1218468,Bouncer,28
DEBUFF,1238206,Volatile Fissure,28
BUFF,1245727,Alnshroud,28
BUFF,1246527,Awaken the Lightbloom,28
BUFF,1250708,Necrotic Convergence,28
BUFF,1251598,Deathshroud,28
DEBUFF,1253813,Fel Spray,28
DEBUFF,1256008,Hex,28
DEBUFF,1261531,Corrupting Essence,28
BUFF,1277556,Necrotic Convergence,28
BUFF,175670,Packing Explosive Ore,27
DEBUFF,472878,Sludge Claws,27
BUFF,1231234,Protected Core,27
DEBUFF,1250735,Mental Anguish,27
BUFF,1253320,Vicious Regrowth,27
DEBUFF,1278147,Plungedrop,27
BUFF,1294934,Noxious Spray,27
DEBUFF,1294934,Noxious Spray,27
BUFF,159786,Molten Hide,26
DEBUFF,1217384,Malefic Wave,26
BUFF,1228345,Madness of the Void,26
BUFF,1231497,Overgorged,26
BUFF,1237073,Lightcrazed Frenzy,26
BUFF,1300250,Devouring Might,26
DEBUFF,349999,Anima Detonation,25
DEBUFF,356560,Hyperlight Containment Cell,25
DEBUFF,358947,Burning Tar,25
BUFF,388599,Ride Along,25
BUFF,1236553,Fel Senses,25
BUFF,1241067,Spirits of the Vale,25
BUFF,1242244,Blight Propagation,25
DEBUFF,1257091,Corespark Surge,25
DEBUFF,1258586,Devouring Void,25
DEBUFF,1265334,Corespark Surge,25
DEBUFF,1265984,Lightscar Flare,25
BUFF,1272265,Mangling Claws,25
DEBUFF,1284531,Decay,25
DEBUFF,1311730,Disrupting Blast,25
DEBUFF,272655,Scouring Sand,24
BUFF,1217938,Light Infused,24
BUFF,1232012,Serrated Fists,24
BUFF,1235079,Satiated,24
BUFF,1235105,Overflowing Supplies,24
DEBUFF,1240097,Time Bomb,24
BUFF,1255702,Pitch Bulwark,24
DEBUFF,1262573,Ashen Benediction,24
DEBUFF,1277301,Unstable Form,24
DEBUFF,1281637,Dusk Frights,24
BUFF,1282875,Warp Speed,24
BUFF,1292035,Frenzy,24
DEBUFF,1293307,Addle Mind,24
BUFF,1309947,Harsh Winter,24
DEBUFF,1312569,Embalm,24
DEBUFF,357798,Hyperlight Containment Cell,23
DEBUFF,425556,Sanctified Ground,23
DEBUFF,1231494,Overgorged Burst,23
BUFF,1241693,Locust Swarm,23
BUFF,1247377,Oozing Xylem,23
BUFF,1249947,Bestial Wrath,23
BUFF,1249948,Bestial Wrath,23
BUFF,1251027,Gravely Wounded,23
DEBUFF,1255156,Fearsome Cry,23
BUFF,263938,Silverback,22
DEBUFF,378850,Arcane Salvo,22
BUFF,444728,Templar's Wrath,22
DEBUFF,466188,Thunder Punch,22
BUFF,1216607,Battery Discharge,22
DEBUFF,1227557,Devouring Cosmos,22
BUFF,1252117,Infused Strikes,22
BUFF,1272854,Divine Steed,22
DEBUFF,1273034,Bloodcurdling Shriek,22
BUFF,356133,Super Saison,21
DEBUFF,438825,Poisonous Cloud,21
BUFF,461805,Locked and Loaded,21
BUFF,473070,Awaken the Swamp,21
DEBUFF,1236787,Void Orb,21
DEBUFF,1245421,Gloomfield,21
DEBUFF,1255176,Void Glob,21
DEBUFF,1271579,Destabilizing Strikes,21
BUFF,1300888,Fang Empowered,21
DEBUFF,51490,Thunderstorm,20
BUFF,186254,Bestial Wrath,20
BUFF,266511,Capacitance,20
DEBUFF,270003,Suppression Slam,20
DEBUFF,350134,Infinite Breath,20
DEBUFF,351080,Hyperlight Jolt,20
BUFF,351088,Relic Link,20
DEBUFF,351088,Relic Link,20
BUFF,427342,Defend,20
BUFF,465420,High Ground,20
BUFF,465463,Turbo Charge,20
BUFF,471652,Broadcast Orders,20
DEBUFF,1227152,Warp Strike,20
BUFF,1248701,Consume Spirit,20
DEBUFF,1252933,Reality Break,20
BUFF,1252974,Dimming,20
DEBUFF,1294815,Shadowfrost Bolt,20
DEBUFF,1308100,Poisoned Cheap Shot,20
DEBUFF,1309416,Virulent Twister,20
BUFF,124009,Tiger Lust,19
DEBUFF,350885,Hyperlight Jolt,19
DEBUFF,373593,Frozen Solid,19
BUFF,388600,Ride Along,19
DEBUFF,1217526,Digestive Spittle,19
DEBUFF,1222202,Arcane Burn,19
BUFF,1249796,Shattered Sky,19
DEBUFF,355581,Crackle,18
BUFF,389501,Red Dragonflight Pledge Pin,18
BUFF,389536,Green Dragonflight Pledge Pin,18
BUFF,464240,Reflective Shield,18
DEBUFF,1226598,Warp,18
BUFF,1236811,Absorb Power,18
DEBUFF,1237267,Incise,18
DEBUFF,1245554,Gloomtouched,18
DEBUFF,1249609,Dark Rune,18
BUFF,1254719,Magma Burst,18
BUFF,1275702,[DNT] Generic Invis,18
BUFF,1275770,"[DNT] Hovering, Wreath, Medium",18
DEBUFF,346844,Alchemical Residue,17
BUFF,428916,Inner Fire,17
BUFF,460156,Jumpstart,17
DEBUFF,1217439,Toxic Regurgitation,17
BUFF,1221133,Hungering Rage,17
DEBUFF,1228133,Void Barrage,17
BUFF,1247180,Devoured,17
DEBUFF,1253030,Intimidating Shout,17
DEBUFF,1266188,Shadow Realm,17
DEBUFF,1296068,Conduct Lightning,17
DEBUFF,1604,Dazed,16
DEBUFF,6360,Whiplash,16
DEBUFF,369133,Unstable Goods,16
DEBUFF,433662,Grasping Blood,16
DEBUFF,1220671,Binding Javelin,16
DEBUFF,1255680,Gnashing Void,16
BUFF,1259647,W-47CH D0G,16
DEBUFF,1272867,Aura of Light,16
DEBUFF,1296967,Void Fissure,16
BUFF,121308,Disguise,15
DEBUFF,270492,Hex,15
DEBUFF,349627,Gluttony,15
DEBUFF,355915,Glyph of Restraint,15
BUFF,434793,Resonant Barrage,15
DEBUFF,439200,Voracious Bite,15
DEBUFF,1221190,Gluttonous Miasma,15
BUFF,1221532,Erratic Ritual,15
DEBUFF,1225221,Dread of the Unknown,15
DEBUFF,1228181,Devouring Void,15
DEBUFF,1234344,Devoured,15
BUFF,1235659,Blinding Zealotry,15
DEBUFF,1248721,Tyr's Wrath,15
DEBUFF,1254836,Reality Break,15
DEBUFF,1269520,Massive Freezing Trap,15
DEBUFF,1298917,Champion's Spear,15
DEBUFF,1298922,Savage Smash,15
DEBUFF,132951,Flare,14
DEBUFF,352345,Anchor Shot,14
BUFF,388602,Ride Along,14
DEBUFF,461994,Deflagration,14
BUFF,465827,Warp Blood,14
DEBUFF,469800,Overcharge,14
BUFF,474407,Arcane Empowerment,14
BUFF,1223000,Embrace of K'aresh,14
DEBUFF,1236126,Binding Javelin,14
DEBUFF,1237888,Demoralizing Roar,14
DEBUFF,1239111,Aspect of the End,14
DEBUFF,1249265,Umbral Collapse,14
DEBUFF,1255453,Gravity Collapse,14
DEBUFF,1302158,Flame Shock,14
DEBUFF,355641,Scintillate,13
DEBUFF,357827,Frantic Rip,13
DEBUFF,433781,Ceaseless Swarm,13
BUFF,1214780,Maximum Distortion,13
BUFF,1243075,The Chaplain's Blessing,13
BUFF,1244446,Force Multiplier,13
DEBUFF,1260203,Umbral Collapse,13
DEBUFF,1265842,Impaled,13
BUFF,1272855,Starcursed Voidstrider,13
DEBUFF,1279512,Starsplinter,13
DEBUFF,1284527,Galvanize,13
BUFF,7870,Lesser Invisibility,12
DEBUFF,154132,Fiery Smash,12
BUFF,155256,Elemental Slayer,12
BUFF,273641,Stealth,12
DEBUFF,355465,Boulder Throw,12
DEBUFF,355480,Lethal Force,12
DEBUFF,381526,Roaring Firebreath,12
BUFF,448385,Bound by Fate,12
BUFF,1228325,Call of the Void,12
DEBUFF,1231224,Arcane Slash,12
DEBUFF,1232470,Grasp of Emptiness,12
BUFF,1247050,Fluorescent Shield,12
BUFF,1251390,Safeguard,12
DEBUFF,1281780,Domineer,12
DEBUFF,1298933,Savage Smash,12
BUFF,35079,Misdirection,11
BUFF,44427,Enrage,11
BUFF,148540,Snow Storm,11
DEBUFF,348366,Armed Security,11
DEBUFF,460965,Barreling Charge,11
DEBUFF,474075,Heaving Chop,11
DEBUFF,1224773,Oceanic Vortex,11
DEBUFF,1237593,Empowering Darkness,11
BUFF,1243453,Void Convergence,11
DEBUFF,1251213,Twilight Spikes,11
DEBUFF,1262676,Nullbeam,11
BUFF,1271577,Destabilizing Strikes,11
DEBUFF,1300714,Shadowlash,11
BUFF,176458,Song of the Anvil,10
DEBUFF,346116,Shearing Swings,10
BUFF,346959,Purged by Fire,10
DEBUFF,355487,Lethal Force,10
BUFF,355980,Refraction Shield,10
DEBUFF,356930,Chain of Custody,10
DEBUFF,376449,Firestorm,10
BUFF,392118,Studying,10
DEBUFF,427024,Swarm of Enemies,10
DEBUFF,446403,Sacrificial Flame,10
BUFF,456820,Ride Along,10
DEBUFF,465982,Turbo Bolt,10
DEBUFF,1214492,Scathing Review,10
BUFF,1216318,Crimson Glaive,10
DEBUFF,1219535,Rift Claws,10
DEBUFF,1226444,Wounded Fate,10
DEBUFF,1233602,Silverstrike Arrow,10
BUFF,1242180,Lightwarden's Blight,10
DEBUFF,1245919,Alndust Essence,10
DEBUFF,1251857,Judgment,10
BUFF,1253874,Divine Steed,10
DEBUFF,1262283,Dark Rift,10
DEBUFF,1284786,Shadow Phalanx,10
BUFF,346980,Empowered Defense,9
DEBUFF,365127,Stunned,9
DEBUFF,424414,Pierce Armor,9
DEBUFF,428170,Blinding Light,9
DEBUFF,433841,Venom Volley,9
DEBUFF,448787,Purification,9
DEBUFF,1220390,Warp Strike,9
DEBUFF,1226031,Poison Splash,9
DEBUFF,1233865,Null Corona,9
BUFF,1236425,Void Volley,9
DEBUFF,1250719,Void Leash,9
DEBUFF,1264595,Shadowlaser Barrier,9
DEBUFF,1282892,Sickening Bite,9
DEBUFF,267273,Poison Nova,8
DEBUFF,349954,Purification Protocol,8
DEBUFF,351960,Static Cling,8
DEBUFF,355642,Hyperlight Salvo,8
BUFF,375599,Heavy Blizzard,8
DEBUFF,424426,Lunging Strike,8
BUFF,427360,Shattered Defenses,8
BUFF,438494,Alerting Shrill,8
DEBUFF,444824,Dark Ranger's Trap,8
DEBUFF,448515,Divine Judgment,8
BUFF,1219417,Beastmaster's Bond,8
DEBUFF,1227197,Cosmic Blast,8
BUFF,1237844,Umbral Tether,8
BUFF,1239831,Aerial Assault,8
DEBUFF,1248130,Unstable Singularity,8
BUFF,1248674,Sacred Shield,8
BUFF,1249130,Elekk Charge,8
DEBUFF,1249238,Fire Spit,8
DEBUFF,1251571,Berserker Grip,8
BUFF,1253881,Divine Steed,8
DEBUFF,1254959,Alndust Essence,8
DEBUFF,1255612,Dread Breath,8
DEBUFF,1255979,Dread Breath,8
DEBUFF,1263766,Death's Grasp,8
DEBUFF,1265152,Impale,8
DEBUFF,1282724,Dusk Frights,8
DEBUFF,1285510,Starsplinter,8
DEBUFF,1310017,Twisted Curse,8
DEBUFF,2649,Growl,7
BUFF,127801,Composting,7
DEBUFF,374927,Wall of Flames,7
DEBUFF,427621,Impale,7
DEBUFF,432119,Faded,7
DEBUFF,436401,AUGH!,7
DEBUFF,468647,Leaping Spark,7
BUFF,470090,Divided Duo,7
DEBUFF,1214949,Drain Life,7
DEBUFF,1216502,Crimson Glaive,7
BUFF,1234571,Cosmic Infusion,7
DEBUFF,1235641,Raging Squall,7
DEBUFF,1246736,Judgment,7
BUFF,1248165,Recuperate,7
BUFF,1253087,Domineering Presence,7
BUFF,1253723,Divine Steed,7
BUFF,1271432,Pitch Bulwark,7
DEBUFF,1272290,Crunched,7
BUFF,175981,Rain of Slag,6
BUFF,347015,Empowered Defense,6
DEBUFF,347149,Infinite Breath,6
BUFF,347775,Spam Filter,6
DEBUFF,350045,Corrosive Anima,6
DEBUFF,351101,Energy Fragmentation,6
DEBUFF,356011,Beam Splicer,6
BUFF,358919,Static Mace,6
BUFF,385312,Gathering Storm,6
BUFF,444608,Inner Fire,6
DEBUFF,466124,Turbo Charge,6
DEBUFF,468741,Shock Water,6
DEBUFF,1217446,Digestive Spittle,6
DEBUFF,1217882,Bad Omens,6
DEBUFF,1219731,Destabilized,6
DEBUFF,1226492,Ritual Disrupted,6
BUFF,1231244,Unstable Core,6
DEBUFF,1231328,Shattered Core,6
DEBUFF,1233887,Null Corona,6
DEBUFF,1235638,Raging Squall,6
DEBUFF,1236802,Void Fury,6
BUFF,1238262,Thornclaw Leap,6
BUFF,1246165,Aura of Devotion,6
BUFF,1248702,Spirit Protection,6
DEBUFF,1248994,Execution Sentence,6
BUFF,1249620,Death's Dirge,6
BUFF,1254199,Parasite Expulsion,6
BUFF,1262250,Felstorm,6
DEBUFF,1266404,Void Burn,6
DEBUFF,1270564,Vengeful Brand,6
BUFF,1276752,Ruinous Winds,6
DEBUFF,1295191,Dissonance,6
DEBUFF,1299210,Aftershock,6
DEBUFF,50245,Pin,5
BUFF,54216,Master's Call,5
BUFF,62305,Master's Call,5
DEBUFF,80354,Temporal Displacement,5
BUFF,195776,Moonfeather Fever,5
BUFF,263867,Obsidian Skin,5
BUFF,263892,Catlike Reflexes,5
DEBUFF,345770,Impound Contraband,5
DEBUFF,356943,Lockdown,5
BUFF,390599,Post-Haste,5
BUFF,392063,Studying,5
DEBUFF,435165,Blazing Strike,5
BUFF,438883,Call of the Brood,5
BUFF,440751,Ride Along,5
BUFF,444546,Purify,5
DEBUFF,448248,Revolting Volley,5
DEBUFF,451764,Radiant Flame,5
DEBUFF,456057,Vile Putrescence,5
BUFF,457797,Resupplied,5
BUFF,457913,Wind at Your Back,5
DEBUFF,465813,Lethargic Venom,5
DEBUFF,1215071,Electrified Water,5
DEBUFF,1225179,Ceremonial Dagger,5
BUFF,1228127,Macestorm,5
BUFF,1241102,On the Hunt,5
DEBUFF,1245486,Corrupted Devastation,5
BUFF,1246175,Entropic Unraveling,5
DEBUFF,1246391,Forbearance,5
BUFF,1248450,Aura of Wrath,5
BUFF,1256683,Shroud of Sorrow,5
BUFF,1258799,Three-Headed Slam,5
DEBUFF,1259186,Blisterburst,5
BUFF,1259900,Dark Upheaval,5
BUFF,1262651,Nullbeam,5
DEBUFF,1271679,Shade Bomb,5
BUFF,1272853,Waycrest Gryphon,5
DEBUFF,1279002,Blast Wave,5
DEBUFF,1282470,Dark Quasar,5
DEBUFF,1297034,Electrified Ground,5
DEBUFF,1299133,Ferocious Leap,5
DEBUFF,1307915,Ravenous Stomp,5
BUFF,34189,Stealth,4
BUFF,50106,Disease Cloud,4
BUFF,68054,Pressing Engagement,4
BUFF,160007,Updraft,4
BUFF,166302,Killing Time,4
BUFF,267077,Explode,4
DEBUFF,346329,Spilled Liquids,4
BUFF,346742,Fan Mail,4
DEBUFF,346962,Money Order,4
DEBUFF,347094,Titanic Crash,4
BUFF,348128,Fully Armed,4
DEBUFF,348450,Bypass Code: Fryse,4
DEBUFF,349934,Flagellation Protocol,4
BUFF,350086,Whirling Annihilation,4
DEBUFF,350101,Chains of Damnation,4
BUFF,351086,Power Overwhelming,4
DEBUFF,423015,Castigator's Shield,4
BUFF,434408,Eye of the Swarm,4
DEBUFF,436322,Poison Bolt,4
DEBUFF,446649,Castigator's Shield,4
DEBUFF,447439,Savage Mauling,4
DEBUFF,447443,Savage Mauling,4
DEBUFF,1230093,Arcane Crush,4
BUFF,1238799,Insatiable Hunger,4
BUFF,1241023,Final Warning,4
DEBUFF,1241840,Light Patch,4
DEBUFF,1241841,Void Patch,4
BUFF,1242515,Voidlight Convergence,4
DEBUFF,1243866,Voidlight Rupture,4
DEBUFF,1244348,Light Burn,4
DEBUFF,1245677,Double Technique,4
DEBUFF,1246462,Rift Slash,4
BUFF,1247928,Guardian Spirit,4
BUFF,1249207,Discordant Roar,4
BUFF,1249748,Midnight Flames,4
BUFF,1251386,Safeguard Prism,4
DEBUFF,1251783,Static Discharge,4
BUFF,1255164,Discordant Roar,4
DEBUFF,1256894,Celestial Wrath,4
BUFF,1258880,Void Fall,4
DEBUFF,1260589,Cat Scratch,4
BUFF,1261023,Radiant Barrier,4
BUFF,1265629,Insatiable Hunger,4
DEBUFF,1272726,Rending Tear,4
BUFF,1282010,Darkness Calls,4
DEBUFF,1282013,Dark Strike,4
DEBUFF,154981,Conflagration,3
DEBUFF,204242,Consecration,3
DEBUFF,270920,Bind Soul,3
BUFF,346766,Sanitizing Cycle,3
BUFF,347097,Security Shield,3
DEBUFF,347716,Letter Opener,3
DEBUFF,347949,Interrogation,3
DEBUFF,348437,Bypass Code: Helvete,3
DEBUFF,348447,Bypass Code: Lys,3
DEBUFF,348451,Bypass Code: Morke,3
BUFF,353414,Interrogation,3
BUFF,355331,Rift Blasts,3
BUFF,355934,Hard Light Barrier,3
DEBUFF,357512,Frenzied Charge,3
DEBUFF,372796,Blazing Rush,3
BUFF,388588,Ride Along,3
BUFF,424431,Holy Radiance,3
BUFF,428079,Ride Along,3
DEBUFF,458835,Toxic Sludge,3
BUFF,469981,Kill-o-Block Barrier,3
BUFF,1217232,Devour,3
BUFF,1219457,Incorporeal,3
BUFF,1220511,Arcane Overload,3
DEBUFF,1222305,Dark Rift,3
BUFF,1233470,Umbral Tether,3
BUFF,1234868,Void Control,3
BUFF,1236703,Eternal Weave,3
BUFF,1238581,Spiny Shield,3
BUFF,1241320,Rebirth,3
DEBUFF,1243753,Ravenous Abyss,3
DEBUFF,1245286,Viscous Venom,3
BUFF,1245396,Consume,3
DEBUFF,1246882,Fixate,3
BUFF,1246918,Cosmic Barrier,3
BUFF,1247056,Shocking Tendrils,3
DEBUFF,1257299,Eye's Oblivion,3
DEBUFF,1257542,Corrupted Flames,3
DEBUFF,1257610,Clinging Void,3
BUFF,1257629,Void Breath,3
BUFF,1258861,Acceptance,3
DEBUFF,1261966,Orebreaker,3
DEBUFF,1263347,Shrink,3
BUFF,1266449,Rending Void,3
BUFF,1266708,Enchanted Tutorial Decoy,3
BUFF,1272937,Primordial Power,3
DEBUFF,1282016,Iris of Oblivion,3
BUFF,1282249,Cosmic Fission,3
DEBUFF,1286720,Envenomed Net,3
DEBUFF,1299185,Writhing Venom,3
BUFF,1307765,Feeding Frenzy,3
BUFF,1307768,Feeding Frenzy,3
BUFF,465,Devotion Aura,2
BUFF,8269,Frenzy,2
DEBUFF,13005,Hammer of Justice,2
BUFF,26064,Shell Shield,2
DEBUFF,54651,Spirit Burn,2
DEBUFF,57723,Exhaustion,2
DEBUFF,57724,Sated,2
BUFF,79833,Mark of the Wild,2
BUFF,96243,Invisibility,2
DEBUFF,154989,Inferno Breath,2
DEBUFF,155030,Seared Flesh,2
BUFF,173790,Spirit Bond,2
BUFF,175593,Burning Fists,2
BUFF,175941,Animate Slag,2
BUFF,195775,Moonfeather Presence,2
BUFF,263904,Serpent's Swiftness,2
BUFF,345989,Interrogation,2
DEBUFF,345990,Containment Cell,2
DEBUFF,347481,Shuri,2
BUFF,349405,Corruption Transformation,2
BUFF,349987,Venting Protocol,2
BUFF,350037,Exposed Anima Core,2
BUFF,352393,Rift Blasts,2
BUFF,353411,Interrogation Tactics,2
BUFF,356812,Frustrated Disjoint,2
BUFF,356929,Chain of Custody,2
DEBUFF,390435,Exhaustion,2
BUFF,391780,Wrathion's Cloak Closet,2
BUFF,422969,Vindictive Wrath,2
BUFF,423664,Embrace the Light,2
BUFF,424462,Ember Storm,2
BUFF,428150,Reflective Shield,2
BUFF,440734,Ride Along,2
DEBUFF,451606,Holy Flame,2
DEBUFF,453461,Caltrops,2
DEBUFF,1215089,Electrified Water,2
BUFF,1217247,Feast,2
DEBUFF,1222341,Gloom Bite,2
BUFF,1233112,Devour,2
BUFF,1233606,Arcane Missiles,2
DEBUFF,1233862,Warp Mind,2
DEBUFF,1235722,The Emptiness,2
BUFF,1236805,Ingenuity of the Domanaar,2
DEBUFF,1238782,Earthshattering Spear,2
DEBUFF,1239521,Aether Slam,2
DEBUFF,1241292,Light Dive,2
BUFF,1241333,Death Drop,2
DEBUFF,1241339,Void Dive,2
BUFF,1241412,Glacial Barrage,2
BUFF,1242000,Echoes of Fate,2
BUFF,1242792,Incubation of Flames,2
DEBUFF,1242815,Void Flames,2
BUFF,1243585,Overwhelming Onslaught,2
DEBUFF,1243590,Overwhelming Onslaught,2
BUFF,1246350,Voidlink,2
BUFF,1246384,Divine Shield,2
BUFF,1247179,Devour,2
BUFF,1247182,Devour,2
BUFF,1247753,Lightmadness,2
BUFF,1247960,Lightmadness,2
BUFF,1247982,Overzeal,2
BUFF,1248449,Aura of Wrath,2
BUFF,1248451,Aura of Peace,2
BUFF,1248644,Divine Toll,2
BUFF,1248710,Tyr's Wrath,2
BUFF,1248847,Radiant Barrier,2
DEBUFF,1250739,Anguished,2
BUFF,1250839,Execution Sentence,2
BUFF,1251356,Gathering Storm,2
BUFF,1251405,Call of the Void,2
BUFF,1251533,Void Sludge,2
BUFF,1251583,March of the Endless,2
BUFF,1252863,Insatiable,2
DEBUFF,1253863,Mind Rot Scream,2
DEBUFF,1254760,Paranoid Strike,2
BUFF,1255743,Total Eclipse,2
BUFF,1260826,Guardian's Edict,2
DEBUFF,1262626,Pootatoad,2
BUFF,1263593,Gather Shadows,2
DEBUFF,1276982,Divine Consecration,2
BUFF,1290882,Fel Infused,2
BUFF,17767,Shadow Bulwark,1
BUFF,23768,Sayge's Dark Fortune of Damage,1
BUFF,26393,Elune's Blessing,1
BUFF,42138,Brewfest Enthusiast,1
DEBUFF,44332,Curse of the Elements,1
BUFF,52909,Water Breathing,1
BUFF,58875,Spirit Walk,1
BUFF,77762,Lava Surge,1
BUFF,91838,Huddle,1
DEBUFF,119946,Ravage,1
BUFF,134477,Threatening Presence,1
BUFF,155459,Spirit of the Rylak,1
BUFF,160058,Thick Hide,1
BUFF,175613,Unleash Flame,1
BUFF,184258,Juiced Up,1
DEBUFF,190614,Soul Link,1
DEBUFF,245102,Number One Fan,1
BUFF,256867,Heavy Hitter,1
BUFF,261616,Post-Haste,1
BUFF,263865,Scale Shield,1
BUFF,263869,Bristle,1
BUFF,263926,Thick Fur,1
DEBUFF,264689,Fatigued,1
BUFF,265991,Luster,1
DEBUFF,268013,Flame Shock,1
BUFF,271290,Open Coffin,1
BUFF,279410,Bulwark,1
BUFF,317103,Soul Infusion,1
BUFF,341117,Fleethoof,1
DEBUFF,347422,Deadly Seas,1
BUFF,352125,Dull Opal,1
BUFF,352134,Dusty Skull,1
DEBUFF,354497,Deadly Seas,1
BUFF,355071,Keeper's Focus,1
DEBUFF,355476,Shock Mines,1
DEBUFF,355502,Shocklight Barrier,1
DEBUFF,356796,Runic Feedback,1
BUFF,358905,Bolt of Silk,1
BUFF,358913,Vulpera Flute,1
BUFF,382817,Windwhipped,1
BUFF,388231,Wear and Tear,1
DEBUFF,388669,Frozen Fangs,1
BUFF,423588,Barrier of Light,1
BUFF,423665,Embrace the Light,1
BUFF,423682,Embrace the Light,1
DEBUFF,424621,Brutal Smash,1
BUFF,425011,Embrace the Light,1
BUFF,427487,Ride Along,1
DEBUFF,432132,Erupting Webs,1
DEBUFF,433843,Erupting Webs,1
DEBUFF,442210,Silken Restraints,1
BUFF,443461,Barrel of Fireworks,1
BUFF,444609,Stoke the Flame,1
BUFF,451763,Radiant Flame,1
BUFF,452134,Blazing Fists,1
DEBUFF,461507,Cultivated Poisons,1
BUFF,469771,Pack Tactics,1
BUFF,474754,Symbiotic Relationship,1
BUFF,1216946,Immolation Aura,1
DEBUFF,1216950,Foul Flames,1
DEBUFF,1217241,Feast,1
DEBUFF,1217992,Workplace Accident,1
DEBUFF,1223613,Fel Infusion,1
DEBUFF,1225028,Ethereal Shards,1
BUFF,1228072,Void Form,1
BUFF,1228518,Rift's Protector,1
BUFF,1231176,Overload Golem,1
BUFF,1236804,Power of the Domanaar,1
BUFF,1236951,Power Absorbed,1
BUFF,1237050,Command of the Domanaar,1
DEBUFF,1240912,Pierce,1
BUFF,1241313,Rebirth,1
DEBUFF,1242803,Light Flames,1
BUFF,1243856,Defensive Stance,1
DEBUFF,1245186,Head Bash,1
DEBUFF,1246002,Explosive Spheres,1
BUFF,1246336,Pressed the Button,1
BUFF,1246349,Voidlink,1
BUFF,1246385,Avenging Wrath,1
DEBUFF,1249584,Dissonance,1
BUFF,1251391,Storming Skyfall,1
DEBUFF,1251594,Arcane Illumination,1
DEBUFF,1252089,Void Slash,1
DEBUFF,1253884,Blinding Powder,1
BUFF,1255897,Cosmic Orb,1
BUFF,1256855,Void Breath,1
BUFF,1258601,Slaughter!,1
BUFF,1258659,Light Infused,1
BUFF,1258662,Light Infused,1
DEBUFF,1259122,Bonesplinter Swing,1
DEBUFF,1259791,Necromantic Infusion,1
BUFF,1261165,Empowering Darkness,1
BUFF,1262573,Ashen Benediction,1
BUFF,1264790,Gathering Storm,1
BUFF,1264892,Rakfang,1
BUFF,1265146,Vaelwing,1
DEBUFF,1269926,Void Strike,1
BUFF,1270250,Twilight Fury,1
DEBUFF,1270294,Mystic Brand,1
BUFF,1278057,Empowered Deflectors,1
BUFF,1282678,Flailstorm,1
DEBUFF,1282678,Flailstorm,1
BUFF,1283067,Burning Heart,1
BUFF,1287425,Void-Touched Orbs,1
DEBUFF,1287663,Rune of Lingering,1
BUFF,1295896,Magister's Spell Missive,1
BUFF,1313802,Barrier Integrity,1
